{
    "now": "2025-04-04T15:04:50.570Z",
    "perfNow": 31124154.5,
    "diagnosticCorrelation": "e36277ff-a9da-4604-9320-1810dbc389da",
    "source": "DownloadSupportFiles",
    "environment": {
        "productName": "adf",
        "buildVersion": "1.0.040125.0",
        "environmentType": 3,
        "resourceName": "venkichinna",
        "resourceRegion": "eastus",
        "resourceGroup": "DevResourse1",
        "subscriptionId": "e7bfb1f0-3cde-4a08-94cf-00309694c0aa",
        "sessionId": "i8yxAMZ89UzR0/k0vVX8QZ",
        "operationId": "",
        "gitType": "live",
        "loggingKey": "2d6edfd6-3c82-4383-a693-cca583134d97"
    },
    "additionalInfo": {
        "selectedResource": "DS_AzureSqlDynamicTable",
        "selectedResourceType": "dataset"
    }
}