{
    "now": "2025-04-04T15:05:10.916Z",
    "perfNow": 31144500.199999988,
    "diagnosticCorrelation": "342f11bc-472f-402e-9f0c-636a82d0720b",
    "source": "DownloadSupportFiles",
    "environment": {
        "productName": "adf",
        "buildVersion": "1.0.040125.0",
        "environmentType": 3,
        "resourceName": "venkichinna",
        "resourceRegion": "eastus",
        "resourceGroup": "DevResourse1",
        "subscriptionId": "e7bfb1f0-3cde-4a08-94cf-00309694c0aa",
        "sessionId": "i8yxAMZ89UzR0/k0vVX8QZ",
        "operationId": "",
        "gitType": "live",
        "loggingKey": "2d6edfd6-3c82-4383-a693-cca583134d97"
    },
    "additionalInfo": {
        "selectedResource": "DS_DelimitedDynamicFile",
        "selectedResourceType": "dataset"
    }
}