{
    "name": "DS_AzureSqlDynamicTable",
    "properties": {
        "linkedServiceName": {
            "referenceName": "LS_AzureSqlDatabase",
            "type": "LinkedServiceReference",
            "parameters": {
                "LS_ServerName": {
                    "value": "@dataset().DS_ServerName",
                    "type": "Expression"
                },
                "LS_DatabaseName": {
                    "value": "@dataset().DS_DatabaseName",
                    "type": "Expression"
                },
                "LS_Username": {
                    "value": "@dataset().DS_Username",
                    "type": "Expression"
                }
            }
        },
        "parameters": {
            "DS_ServerName": {
                "type": "string"
            },
            "DS_DatabaseName": {
                "type": "string"
            },
            "DS_Username": {
                "type": "string"
            },
            "DS_TableName": {
                "type": "string"
            },
            "DS_Schema": {
                "type": "string"
            }
        },
        "annotations": [],
        "type": "AzureSqlTable",
        "schema": [],
        "typeProperties": {
            "schema": {
                "value": "@dataset().DS_Schema",
                "type": "Expression"
            },
            "table": {
                "value": "@dataset().DS_TableName",
                "type": "Expression"
            }
        }
    },
    "type": "Microsoft.DataFactory/factories/datasets"
}