{
    "name": "DS_DelimitedDynamicFile",
    "properties": {
        "linkedServiceName": {
            "referenceName": "LS_AzureBlobStorage",
            "type": "LinkedServiceReference",
            "parameters": {
                "LS_StorageAccountName": {
                    "value": "@dataset().DS_StorageAccount",
                    "type": "Expression"
                }
            }
        },
        "parameters": {
            "DS_StorageAccount": {
                "type": "string"
            },
            "DS_Container": {
                "type": "string"
            },
            "DS_Filename": {
                "type": "string"
            }
        },
        "annotations": [],
        "type": "DelimitedText",
        "typeProperties": {
            "location": {
                "type": "AzureBlobStorageLocation",
                "fileName": {
                    "value": "@dataset().DS_Filename",
                    "type": "Expression"
                },
                "container": {
                    "value": "@dataset().DS_Container",
                    "type": "Expression"
                }
            },
            "columnDelimiter": ",",
            "escapeChar": "\\",
            "firstRowAsHeader": true,
            "quoteChar": "\""
        },
        "schema": []
    },
    "type": "Microsoft.DataFactory/factories/datasets"
}