{
    "name": "PL_StockMarketDataLoad",
    "properties": {
        "activities": [
            {
                "name": "Loading Data to INTG",
                "type": "Script",
                "dependsOn": [],
                "policy": {
                    "timeout": "0.12:00:00",
                    "retry": 0,
                    "retryIntervalInSeconds": 30,
                    "secureOutput": false,
                    "secureInput": false
                },
                "userProperties": [],
                "linkedServiceName": {
                    "referenceName": "LS_AzureSqlDatabase1",
                    "type": "LinkedServiceReference"
                },
                "typeProperties": {
                    "scripts": [
                        {
                            "type": "Query",
                            "text": "MERGE INTO StockMarketIntegration AS Target\nUSING \n(\n    SELECT \n        Date, \n        Company, \n        StockType,\n        StockValue,\n        AVG(CAST(StockValue AS DECIMAL(10, 2))) \n            OVER (PARTITION BY Company, StockType ORDER BY Date ROWS BETWEEN 49 PRECEDING AND CURRENT ROW) AS MovingAverage_50_Day,\n        AVG(CAST(StockValue AS DECIMAL(10, 2))) \n            OVER (PARTITION BY Company, StockType ORDER BY Date ROWS BETWEEN 199 PRECEDING AND CURRENT ROW) AS MovingAverage_200_Day,\n        ((CAST(StockValue AS DECIMAL(10, 2)) - \n          LAG(CAST(StockValue AS DECIMAL(10, 2))) \n          OVER (PARTITION BY Company, StockType ORDER BY Date)) / \n          LAG(CAST(StockValue AS DECIMAL(10, 2))) \n          OVER (PARTITION BY Company, StockType ORDER BY Date)) * 100 AS PercentageChange,\n        STDEV(CAST(StockValue AS DECIMAL(10, 2))) \n            OVER (PARTITION BY Company, StockType ORDER BY Date ROWS BETWEEN 49 PRECEDING AND CURRENT ROW) AS Volatility,\n        RSI AS RSI\n    FROM \n        (\n        -- All company & stock type combinations\n        SELECT Date, 'NVDA' AS Company, 'Open' AS StockType, NVDA_Open AS StockValue, NVDA_RSI AS RSI FROM StockMarketData WHERE NVDA_Open IS NOT NULL\n        UNION ALL\n        SELECT Date, 'NVDA' AS Company, 'High' AS StockType, NVDA_High AS StockValue, NVDA_RSI AS RSI FROM StockMarketData WHERE NVDA_High IS NOT NULL\n        UNION ALL\n        SELECT Date, 'NVDA' AS Company, 'Low' AS StockType, NVDA_Low AS StockValue, NVDA_RSI AS RSI FROM StockMarketData WHERE NVDA_Low IS NOT NULL\n        UNION ALL\n        SELECT Date, 'NVDA' AS Company, 'Close' AS StockType, NVDA_Close AS StockValue, NVDA_RSI AS RSI FROM StockMarketData WHERE NVDA_Close IS NOT NULL\n\n        UNION ALL\n        SELECT Date, 'Tesla' AS Company, 'Open' AS StockType, TSLA_Open AS StockValue, TSLA_RSI AS RSI FROM StockMarketData WHERE TSLA_Open IS NOT NULL\n        UNION ALL\n        SELECT Date, 'Tesla' AS Company, 'High' AS StockType, TSLA_High AS StockValue, TSLA_RSI AS RSI FROM StockMarketData WHERE TSLA_High IS NOT NULL\n        UNION ALL\n        SELECT Date, 'Tesla' AS Company, 'Low' AS StockType, TSLA_Low AS StockValue, TSLA_RSI AS RSI FROM StockMarketData WHERE TSLA_Low IS NOT NULL\n        UNION ALL\n        SELECT Date, 'Tesla' AS Company, 'Close' AS StockType, TSLA_Close AS StockValue, TSLA_RSI AS RSI FROM StockMarketData WHERE TSLA_Close IS NOT NULL\n\n        UNION ALL\n        SELECT Date, 'Google' AS Company, 'Open' AS StockType, GOOGL_Open AS StockValue, GOOGL_RSI AS RSI FROM StockMarketData WHERE GOOGL_Open IS NOT NULL\n        UNION ALL\n        SELECT Date, 'Google' AS Company, 'High' AS StockType, GOOGL_High AS StockValue, GOOGL_RSI AS RSI FROM StockMarketData WHERE GOOGL_High IS NOT NULL\n        UNION ALL\n        SELECT Date, 'Google' AS Company, 'Low' AS StockType, GOOGL_Low AS StockValue, GOOGL_RSI AS RSI FROM StockMarketData WHERE GOOGL_Low IS NOT NULL\n        UNION ALL\n        SELECT Date, 'Google' AS Company, 'Close' AS StockType, GOOGL_Close AS StockValue, GOOGL_RSI AS RSI FROM StockMarketData WHERE GOOGL_Close IS NOT NULL\n\n        UNION ALL\n        SELECT Date, 'Microsoft' AS Company, 'Open' AS StockType, MSFT_Open AS StockValue, MSFT_RSI AS RSI FROM StockMarketData WHERE MSFT_Open IS NOT NULL\n        UNION ALL\n        SELECT Date, 'Microsoft' AS Company, 'High' AS StockType, MSFT_High AS StockValue, MSFT_RSI AS RSI FROM StockMarketData WHERE MSFT_High IS NOT NULL\n        UNION ALL\n        SELECT Date, 'Microsoft' AS Company, 'Low' AS StockType, MSFT_Low AS StockValue, MSFT_RSI AS RSI FROM StockMarketData WHERE MSFT_Low IS NOT NULL\n        UNION ALL\n        SELECT Date, 'Microsoft' AS Company, 'Close' AS StockType, MSFT_Close AS StockValue, MSFT_RSI AS RSI FROM StockMarketData WHERE MSFT_Close IS NOT NULL\n\n        UNION ALL\n        SELECT Date, 'Amazon' AS Company, 'Open' AS StockType, AMZN_Open AS StockValue, AMZN_RSI AS RSI FROM StockMarketData WHERE AMZN_Open IS NOT NULL\n        UNION ALL\n        SELECT Date, 'Amazon' AS Company, 'High' AS StockType, AMZN_High AS StockValue, AMZN_RSI AS RSI FROM StockMarketData WHERE AMZN_High IS NOT NULL\n        UNION ALL\n        SELECT Date, 'Amazon' AS Company, 'Low' AS StockType, AMZN_Low AS StockValue, AMZN_RSI AS RSI FROM StockMarketData WHERE AMZN_Low IS NOT NULL\n        UNION ALL\n        SELECT Date, 'Amazon' AS Company, 'Close' AS StockType, AMZN_Close AS StockValue, AMZN_RSI AS RSI FROM StockMarketData WHERE AMZN_Close IS NOT NULL\n        ) AS CombinedData\n) AS Source\nON Target.Date = Source.Date AND Target.Company = Source.Company AND Target.StockType = Source.StockType\nWHEN MATCHED THEN \n    UPDATE SET \n        Target.StockValue = Source.StockValue,\n        Target.MovingAverage_50_Day = Source.MovingAverage_50_Day,\n        Target.MovingAverage_200_Day = Source.MovingAverage_200_Day,\n        Target.PercentageChange = Source.PercentageChange,\n        Target.Volatility = Source.Volatility,\n        Target.RSI = Source.RSI\nWHEN NOT MATCHED THEN \n    INSERT (Date, Company, StockType, StockValue, MovingAverage_50_Day, MovingAverage_200_Day, PercentageChange, Volatility, RSI)\n    VALUES (Source.Date, Source.Company, Source.StockType, Source.StockValue, Source.MovingAverage_50_Day, Source.MovingAverage_200_Day, Source.PercentageChange, Source.Volatility, Source.RSI);\n"
                        }
                    ],
                    "scriptBlockExecutionTimeout": "02:00:00"
                }
            },
            {
                "name": "SP to Load data into PRSNT",
                "type": "SqlServerStoredProcedure",
                "dependsOn": [
                    {
                        "activity": "Loading Data to INTG",
                        "dependencyConditions": [
                            "Succeeded"
                        ]
                    }
                ],
                "policy": {
                    "timeout": "0.12:00:00",
                    "retry": 0,
                    "retryIntervalInSeconds": 30,
                    "secureOutput": false,
                    "secureInput": false
                },
                "userProperties": [],
                "typeProperties": {
                    "storedProcedureName": "[dbo].[MergeStockMarketData]"
                },
                "linkedServiceName": {
                    "referenceName": "LS_AzureSqlDatabase1",
                    "type": "LinkedServiceReference"
                }
            },
            {
                "name": "Failure",
                "type": "Fail",
                "dependsOn": [
                    {
                        "activity": "SP to Load data into PRSNT",
                        "dependencyConditions": [
                            "Failed"
                        ]
                    },
                    {
                        "activity": "Loading Data to INTG",
                        "dependencyConditions": [
                            "Failed"
                        ]
                    }
                ],
                "userProperties": [],
                "typeProperties": {
                    "message": "Data not loaded",
                    "errorCode": "505"
                }
            }
        ],
        "annotations": [],
        "lastPublishTime": "2025-04-03T13:52:08Z"
    },
    "type": "Microsoft.DataFactory/factories/pipelines"
}