{
    "now": "2025-04-04T14:46:24.661Z",
    "perfNow": 30018238.699999988,
    "diagnosticCorrelation": "768c633a-18ae-43b7-8b83-6617878fa363",
    "source": "DownloadSupportFiles",
    "environment": {
        "productName": "adf",
        "buildVersion": "1.0.040125.0",
        "environmentType": 3,
        "resourceName": "venkichinna",
        "resourceRegion": "eastus",
        "resourceGroup": "DevResourse1",
        "subscriptionId": "e7bfb1f0-3cde-4a08-94cf-00309694c0aa",
        "sessionId": "i8yxAMZ89UzR0/k0vVX8QZ",
        "operationId": "",
        "gitType": "live",
        "loggingKey": "2d6edfd6-3c82-4383-a693-cca583134d97"
    },
    "additionalInfo": {
        "selectedResource": "PL_StockMarketData",
        "selectedResourceType": "pipeline"
    }
}