{
    "name": "PL_StockMarketData",
    "properties": {
        "activities": [
            {
                "name": "Copying From CSV to DB STG",
                "type": "Copy",
                "dependsOn": [],
                "policy": {
                    "timeout": "0.12:00:00",
                    "retry": 0,
                    "retryIntervalInSeconds": 30,
                    "secureOutput": false,
                    "secureInput": false
                },
                "userProperties": [],
                "typeProperties": {
                    "source": {
                        "type": "DelimitedTextSource",
                        "storeSettings": {
                            "type": "AzureBlobStorageReadSettings",
                            "recursive": true,
                            "enablePartitionDiscovery": false
                        },
                        "formatSettings": {
                            "type": "DelimitedTextReadSettings"
                        }
                    },
                    "sink": {
                        "type": "AzureSqlSink",
                        "writeBehavior": "insert",
                        "sqlWriterUseTableLock": false,
                        "tableOption": "autoCreate",
                        "disableMetricsCollection": false
                    },
                    "enableStaging": false,
                    "translator": {
                        "type": "TabularTranslator",
                        "typeConversion": true,
                        "typeConversionSettings": {
                            "allowDataTruncation": true,
                            "treatBooleanAsNumber": false
                        }
                    }
                },
                "inputs": [
                    {
                        "referenceName": "DS_DelimitedDynamicFile",
                        "type": "DatasetReference",
                        "parameters": {
                            "DS_StorageAccount": {
                                "value": "@pipeline().parameters.PL_StorageAccount",
                                "type": "Expression"
                            },
                            "DS_Container": {
                                "value": "@pipeline().parameters.PL_Container",
                                "type": "Expression"
                            },
                            "DS_Filename": {
                                "value": "@pipeline().parameters.PL_Filename",
                                "type": "Expression"
                            }
                        }
                    }
                ],
                "outputs": [
                    {
                        "referenceName": "DS_AzureSqlDynamicTable",
                        "type": "DatasetReference",
                        "parameters": {
                            "DS_ServerName": {
                                "value": "@pipeline().parameters.PL_ServerName",
                                "type": "Expression"
                            },
                            "DS_DatabaseName": {
                                "value": "@pipeline().parameters.PL_DatabaseName",
                                "type": "Expression"
                            },
                            "DS_Username": {
                                "value": "@pipeline().parameters.PL_Username",
                                "type": "Expression"
                            },
                            "DS_TableName": {
                                "value": "@pipeline().parameters.PL_TableName",
                                "type": "Expression"
                            },
                            "DS_Schema": {
                                "value": "@pipeline().parameters.PL_Schema",
                                "type": "Expression"
                            }
                        }
                    }
                ]
            }
        ],
        "parameters": {
            "PL_ServerName": {
                "type": "string"
            },
            "PL_DatabaseName": {
                "type": "string"
            },
            "PL_TableName": {
                "type": "string"
            },
            "PL_Username": {
                "type": "string"
            },
            "PL_Container": {
                "type": "string"
            },
            "PL_Filename": {
                "type": "string"
            },
            "PL_Schema": {
                "type": "string"
            },
            "PL_StorageAccount": {
                "type": "string"
            }
        },
        "annotations": [],
        "lastPublishTime": "2025-04-03T13:51:27Z"
    },
    "type": "Microsoft.DataFactory/factories/pipelines"
}